Date,Product,Region,Units_Sold,Revenue,Salesperson,Channel,Customer_Type
2024-01-01,Raisins,South,47,844.63,Ali,Online,Wholesale
2024-01-01,Cashews,North,13,193.49,Raj,Online,Retail
2024-01-01,Cashews,West,34,249.21,Anita,Offline,Wholesale
2024-01-01,Cashews,North,2,29.14,Ali,Online,Retail
2024-01-02,Walnuts,East,36,272.86,Anita,Offline,Wholesale
2024-01-02,Raisins,South,8,107.71,Raj,Online,Wholesale
2024-01-02,Pistachios,North,28,477.65,Sunil,Online,Wholesale
2024-01-03,Almonds,East,41,534.39,Anita,Online,Retail
2024-01-03,Almonds,East,50,365.11,Ali,Offline,Retail
2024-01-03,Pistachios,East,20,374.19,Ali,Online,Wholesale
2024-01-03,Pistachios,North,50,463.46,Ali,Offline,Retail
2024-01-04,Cashews,East,31,322.36,Ali,Offline,Wholesale
2024-01-04,Raisins,North,30,569.51,Sunil,Online,Retail
2024-01-05,Raisins,West,28,316.95,Ali,Online,Wholesale
2024-01-05,Walnuts,West,44,376.26,Anita,Online,Wholesale
2024-01-05,Raisins,South,6,99.89,Meena,Offline,Wholesale
2024-01-06,Almonds,West,28,311.32,Anita,Online,Retail
2024-01-07,Almonds,North,14,242.8,Ali,Online,Retail
2024-01-07,Cashews,North,22,212.14,Sunil,Offline,Wholesale
2024-01-07,Cashews,South,18,281.34,Anita,Offline,Retail
2024-01-08,Almonds,West,36,662.35,Ali,Offline,Retail
2024-01-08,Pistachios,North,8,137.79,Raj,Offline,Retail
2024-01-08,Raisins,South,34,517.32,Anita,Online,Wholesale
2024-01-09,Raisins,East,31,564.94,Anita,Online,Retail
2024-01-10,Walnuts,South,30,528.5,Anita,Online,Retail
2024-01-10,Cashews,East,4,55.81,Anita,Online,Wholesale
2024-01-10,Pistachios,South,4,22.07,Sunil,Offline,Retail
2024-01-10,Almonds,East,44,359.83,Raj,Offline,Retail
2024-01-11,Walnuts,West,37,412.87,Raj,Online,Retail
2024-01-11,Walnuts,South,45,226.52,Sunil,Online,Wholesale
2024-01-11,Walnuts,East,12,187,Sunil,Offline,Retail
2024-01-12,Walnuts,West,23,369.85,Meena,Offline,Wholesale
2024-01-12,Pistachios,East,38,642.89,Ali,Online,Retail
2024-01-12,Almonds,North,10,147.84,Raj,Offline,Wholesale
2024-01-12,Walnuts,South,41,819.41,Raj,Offline,Wholesale
2024-01-13,Pistachios,East,2,14.23,Meena,Offline,Retail
2024-01-14,Cashews,East,46,317.18,Raj,Online,Retail
2024-01-15,Walnuts,East,22,428.13,Anita,Offline,Wholesale
2024-01-15,Pistachios,East,7,135.32,Sunil,Online,Wholesale
2024-01-15,Raisins,South,21,120.36,Ali,Offline,Retail
2024-01-16,Almonds,North,40,272.32,Raj,Offline,Retail
2024-01-17,Raisins,East,44,627.01,Sunil,Offline,Retail
2024-01-18,Raisins,North,30,428.26,Meena,Offline,Retail
2024-01-18,Walnuts,South,26,303.69,Ali,Offline,Retail
2024-01-18,Pistachios,East,17,233.66,Raj,Offline,Wholesale
2024-01-19,Pistachios,East,50,567.12,Meena,Offline,Retail
2024-01-19,Almonds,East,3,31.26,Raj,Offline,Retail
2024-01-19,Cashews,North,9,152.39,Ali,Offline,Retail
2024-01-20,Walnuts,East,23,186.59,Anita,Offline,Retail
2024-01-21,Almonds,East,16,243.3,Ali,Offline,Wholesale
2024-01-22,Almonds,North,2,28.78,Anita,Online,Retail
2024-01-22,Walnuts,West,37,451.62,Raj,Online,Wholesale
2024-01-23,Pistachios,North,40,431.48,Sunil,Offline,Retail
2024-01-24,Almonds,South,31,435.09,Raj,Offline,Retail
2024-01-24,Walnuts,East,48,590.39,Ali,Offline,Wholesale
2024-01-24,Walnuts,North,14,199.53,Anita,Online,Retail
2024-01-25,Raisins,South,18,114.53,Raj,Online,Retail
2024-01-25,Cashews,South,14,251.2,Ali,Online,Retail
2024-01-25,Pistachios,West,12,145.37,Meena,Offline,Retail
2024-01-25,Raisins,East,16,138.45,Ali,Offline,Retail
2024-01-26,Almonds,West,11,83.34,Meena,Offline,Retail
2024-01-26,Pistachios,East,36,216.32,Meena,Online,Wholesale
2024-01-27,Almonds,West,27,465.48,Ali,Offline,Retail
2024-01-27,Raisins,West,38,494.72,Meena,Online,Wholesale
2024-01-28,Walnuts,South,37,352.21,Sunil,Offline,Retail
2024-01-28,Pistachios,South,25,471.17,Meena,Offline,Wholesale
2024-01-28,Raisins,South,15,198.81,Raj,Offline,Wholesale
2024-01-28,Cashews,South,33,585.99,Ali,Offline,Wholesale
2024-01-29,Cashews,East,12,141.14,Meena,Online,Retail
2024-01-29,Cashews,North,47,624.78,Raj,Offline,Retail
2024-01-29,Pistachios,West,14,203.49,Meena,Offline,Retail
2024-01-29,Almonds,West,34,624.07,Anita,Online,Retail
2024-01-30,Pistachios,East,35,229.83,Ali,Online,Wholesale
2024-01-30,Walnuts,South,32,556.84,Anita,Online,Wholesale
2024-01-31,Pistachios,West,27,202.77,Ali,Online,Retail
2024-01-31,Walnuts,East,13,87.8,Meena,Offline,Retail
2024-02-01,Almonds,North,18,329.91,Anita,Online,Wholesale
2024-02-01,Cashews,South,1,9.3,Anita,Offline,Retail
2024-02-01,Almonds,North,40,410.25,Meena,Online,Retail
2024-02-02,Pistachios,East,43,624,Raj,Online,Wholesale
2024-02-02,Pistachios,West,31,481.87,Ali,Offline,Retail
2024-02-02,Pistachios,East,20,321.28,Raj,Offline,Wholesale
2024-02-02,Pistachios,East,10,115.38,Sunil,Offline,Retail
2024-02-03,Cashews,North,31,516.38,Meena,Online,Retail
2024-02-03,Raisins,East,35,431.67,Raj,Online,Retail
2024-02-04,Cashews,East,29,398.65,Raj,Offline,Wholesale
2024-02-04,Walnuts,East,18,256.12,Anita,Online,Retail
2024-02-05,Pistachios,North,5,96.79,Ali,Online,Retail
2024-02-05,Walnuts,East,35,588.69,Meena,Offline,Retail
2024-02-05,Raisins,South,31,471.04,Raj,Offline,Wholesale
2024-02-05,Raisins,East,37,403.59,Anita,Offline,Retail
2024-02-06,Raisins,East,12,67.77,Sunil,Offline,Retail
2024-02-06,Pistachios,West,49,941.92,Raj,Offline,Retail
2024-02-06,Walnuts,West,5,76.78,Sunil,Offline,Wholesale
2024-02-07,Pistachios,West,38,280.23,Meena,Offline,Wholesale
2024-02-07,Walnuts,East,44,436.32,Ali,Online,Wholesale
2024-02-07,Walnuts,North,29,390.35,Ali,Offline,Retail
2024-02-08,Almonds,North,20,228.42,Raj,Offline,Wholesale
2024-02-09,Almonds,North,37,362.67,Anita,Offline,Wholesale
2024-02-09,Raisins,North,44,399.26,Ali,Online,Wholesale
2024-02-09,Almonds,South,7,50.97,Meena,Offline,Wholesale
2024-02-10,Pistachios,South,31,566.03,Meena,Online,Retail
2024-02-11,Pistachios,West,15,152.56,Raj,Offline,Wholesale
2024-02-11,Raisins,North,13,148.45,Raj,Online,Retail
2024-02-11,Almonds,East,8,153.33,Anita,Online,Retail
2024-02-12,Raisins,East,46,724.43,Sunil,Offline,Wholesale
2024-02-13,Walnuts,West,17,200.46,Anita,Offline,Retail
2024-02-13,Walnuts,East,5,44.84,Raj,Online,Wholesale
2024-02-13,Pistachios,South,30,596.54,Sunil,Online,Wholesale
2024-02-14,Raisins,South,1,11.65,Anita,Offline,Wholesale
2024-02-14,Cashews,North,17,252.74,Meena,Online,Retail
2024-02-15,Raisins,West,6,105.97,Meena,Online,Retail
2024-02-15,Cashews,East,9,173.17,Ali,Online,Retail
2024-02-16,Pistachios,West,24,467.14,Ali,Offline,Wholesale
2024-02-17,Walnuts,East,40,229.66,Raj,Offline,Wholesale
2024-02-18,Raisins,North,46,258.11,Meena,Online,Wholesale
2024-02-18,Raisins,South,8,121.57,Sunil,Offline,Wholesale
2024-02-19,Walnuts,South,34,664.7,Anita,Online,Wholesale
2024-02-20,Raisins,North,50,757.14,Ali,Offline,Retail
2024-02-20,Pistachios,East,27,148.71,Meena,Online,Retail
2024-02-20,Cashews,West,40,447.47,Anita,Offline,Wholesale
2024-02-21,Almonds,South,32,161.52,Sunil,Offline,Wholesale
2024-02-21,Almonds,South,16,87.28,Meena,Online,Wholesale
2024-02-21,Raisins,South,26,472.67,Raj,Online,Wholesale
2024-02-21,Almonds,South,25,239.58,Meena,Offline,Retail
2024-02-22,Pistachios,West,44,620.42,Ali,Online,Wholesale
2024-02-22,Almonds,East,33,342.02,Meena,Offline,Wholesale
2024-02-23,Cashews,West,27,339.48,Meena,Offline,Wholesale
2024-02-23,Pistachios,West,20,157.78,Meena,Offline,Wholesale
2024-02-24,Raisins,South,28,470.14,Raj,Online,Retail
2024-02-24,Raisins,West,49,270.15,Raj,Offline,Retail
2024-02-25,Almonds,South,29,526.47,Meena,Offline,Wholesale
2024-02-25,Raisins,East,15,208.82,Meena,Offline,Retail
2024-02-25,Walnuts,North,17,241.84,Raj,Online,Retail
2024-02-25,Cashews,West,41,372.7,Ali,Online,Retail
2024-02-26,Raisins,East,26,282.18,Raj,Offline,Retail
2024-02-26,Raisins,North,10,129.71,Ali,Online,Retail
2024-02-27,Walnuts,East,37,350.62,Ali,Online,Retail
2024-02-27,Raisins,North,9,117.86,Anita,Offline,Retail
2024-02-28,Cashews,North,2,32.07,Sunil,Offline,Retail
2024-02-28,Cashews,South,34,609.65,Raj,Offline,Wholesale
2024-02-28,Raisins,East,23,443.78,Meena,Offline,Retail
2024-02-28,Almonds,West,38,216.47,Ali,Offline,Retail
2024-02-29,Cashews,West,25,246.37,Anita,Online,Wholesale
2024-02-29,Walnuts,North,37,531.37,Raj,Offline,Wholesale
2024-02-29,Raisins,West,48,501,Anita,Online,Wholesale
2024-03-01,Raisins,West,2,29.02,Ali,Offline,Wholesale
2024-03-02,Cashews,East,46,572.63,Sunil,Online,Retail
2024-03-02,Cashews,West,49,855.32,Ali,Online,Wholesale
2024-03-02,Raisins,West,3,45.5,Ali,Offline,Wholesale
2024-03-02,Almonds,North,6,71.7,Sunil,Offline,Wholesale
2024-03-03,Almonds,West,34,262.82,Meena,Online,Retail
2024-03-03,Pistachios,North,27,326.8,Anita,Online,Wholesale
2024-03-03,Raisins,South,45,390.77,Anita,Online,Wholesale
2024-03-04,Cashews,East,20,388.53,Sunil,Online,Retail
2024-03-04,Raisins,West,23,359.21,Anita,Offline,Retail
2024-03-04,Almonds,North,44,583.6,Meena,Online,Wholesale
2024-03-05,Pistachios,West,31,385.85,Anita,Offline,Wholesale
2024-03-05,Almonds,North,7,129.61,Ali,Offline,Retail
2024-03-05,Walnuts,North,28,367.64,Ali,Offline,Retail
2024-03-05,Almonds,East,34,395.86,Meena,Online,Retail
2024-03-06,Cashews,West,6,69.18,Anita,Online,Wholesale
2024-03-06,Cashews,West,39,691.99,Ali,Online,Retail
2024-03-06,Cashews,East,38,373.45,Raj,Offline,Retail
2024-03-06,Almonds,West,23,444.26,Anita,Online,Retail
2024-03-07,Walnuts,West,35,316.51,Ali,Online,Retail
2024-03-07,Walnuts,West,31,589.75,Anita,Online,Wholesale
2024-03-07,Raisins,East,21,183.54,Raj,Offline,Wholesale
2024-03-08,Walnuts,West,43,248.53,Anita,Offline,Retail
2024-03-08,Pistachios,North,13,176.78,Raj,Online,Retail
2024-03-08,Almonds,North,13,155.37,Anita,Online,Wholesale
2024-03-09,Walnuts,North,5,28.49,Anita,Online,Retail
2024-03-09,Almonds,North,37,401.37,Raj,Online,Wholesale
2024-03-10,Raisins,West,8,117.32,Anita,Online,Retail
2024-03-10,Almonds,South,29,499.31,Ali,Offline,Wholesale
2024-03-11,Almonds,East,31,356.56,Sunil,Online,Wholesale
2024-03-11,Cashews,South,5,39.8,Anita,Online,Retail
2024-03-11,Cashews,East,40,529.73,Raj,Online,Wholesale
2024-03-12,Raisins,North,1,15.34,Sunil,Online,Wholesale
2024-03-12,Cashews,West,9,83.88,Meena,Online,Wholesale
2024-03-12,Raisins,West,16,264.26,Meena,Offline,Retail
2024-03-13,Cashews,South,1,9.64,Raj,Online,Wholesale
2024-03-13,Raisins,South,5,88.35,Raj,Offline,Wholesale
2024-03-13,Cashews,North,4,55.02,Sunil,Offline,Retail
2024-03-13,Cashews,North,7,56.56,Sunil,Offline,Wholesale
2024-03-14,Raisins,West,5,70.46,Meena,Offline,Wholesale
2024-03-15,Walnuts,East,8,139.69,Anita,Offline,Retail
2024-03-15,Almonds,South,21,362.55,Raj,Online,Wholesale
2024-03-16,Raisins,West,9,166.31,Ali,Offline,Wholesale
2024-03-16,Almonds,West,20,364.25,Anita,Offline,Wholesale
2024-03-16,Almonds,North,17,187.66,Meena,Offline,Retail
2024-03-17,Cashews,East,2,30.76,Raj,Offline,Retail
2024-03-18,Cashews,South,34,474.89,Anita,Offline,Wholesale
2024-03-18,Almonds,South,30,420.48,Sunil,Offline,Wholesale
2024-03-19,Cashews,North,21,177.21,Ali,Online,Wholesale
2024-03-19,Cashews,East,14,106.4,Sunil,Offline,Wholesale
2024-03-19,Pistachios,North,16,164.91,Meena,Online,Retail
2024-03-20,Almonds,South,30,165.18,Raj,Offline,Retail
2024-03-20,Walnuts,West,43,648.63,Anita,Offline,Retail
2024-03-20,Walnuts,North,26,318.53,Anita,Online,Retail
2024-03-21,Pistachios,South,45,469.57,Meena,Online,Wholesale
2024-03-22,Almonds,South,37,443.07,Raj,Offline,Wholesale
2024-03-22,Pistachios,East,12,201.7,Anita,Offline,Wholesale
2024-03-22,Cashews,East,49,384.86,Raj,Offline,Wholesale
2024-03-22,Walnuts,North,27,405.8,Anita,Online,Wholesale
2024-03-23,Raisins,North,23,401.62,Sunil,Online,Wholesale
2024-03-23,Raisins,West,19,213.2,Ali,Offline,Wholesale
2024-03-24,Cashews,West,42,368.1,Raj,Online,Wholesale
2024-03-24,Walnuts,North,34,510.35,Anita,Online,Wholesale
2024-03-24,Raisins,East,22,392.05,Meena,Online,Wholesale
2024-03-24,Cashews,South,41,332.1,Raj,Online,Retail
2024-03-25,Pistachios,South,18,173.74,Ali,Offline,Retail
2024-03-25,Walnuts,West,50,817.28,Anita,Offline,Wholesale
2024-03-25,Raisins,East,24,211.51,Ali,Online,Wholesale
2024-03-26,Almonds,North,50,640.21,Meena,Offline,Retail
2024-03-26,Raisins,North,6,102.72,Ali,Online,Wholesale
2024-03-27,Almonds,East,21,167.75,Meena,Online,Wholesale
2024-03-27,Raisins,North,6,85.06,Raj,Offline,Retail
2024-03-28,Pistachios,North,10,189.08,Ali,Offline,Retail
2024-03-28,Raisins,East,1,14.16,Sunil,Offline,Wholesale
2024-03-29,Cashews,South,26,398.68,Meena,Online,Retail
2024-03-29,Raisins,West,39,624.64,Ali,Offline,Retail
2024-03-29,Almonds,South,7,124.78,Anita,Offline,Wholesale
2024-03-30,Raisins,North,32,587.91,Ali,Offline,Wholesale
2024-03-30,Almonds,North,8,147.19,Ali,Offline,Wholesale
2024-03-31,Walnuts,East,17,277.75,Sunil,Online,Retail
2024-03-31,Raisins,South,33,245.51,Sunil,Online,Wholesale
2024-03-31,Almonds,East,2,21.49,Meena,Online,Retail
2024-03-31,Cashews,East,47,318.27,Meena,Offline,Retail
2024-04-01,Almonds,South,20,286.85,Raj,Online,Retail
2024-04-01,Cashews,North,32,160.28,Meena,Offline,Wholesale
2024-04-01,Cashews,South,41,632.01,Anita,Online,Retail
2024-04-02,Walnuts,West,6,109.51,Sunil,Online,Retail
2024-04-02,Walnuts,West,41,472.77,Meena,Offline,Retail
2024-04-02,Cashews,South,1,13.97,Anita,Online,Retail
2024-04-03,Pistachios,North,39,311.48,Sunil,Offline,Retail
2024-04-04,Almonds,North,21,395.85,Meena,Offline,Wholesale
2024-04-04,Walnuts,West,33,400.25,Anita,Offline,Retail
2024-04-05,Raisins,North,33,248.78,Ali,Offline,Wholesale
2024-04-05,Walnuts,South,30,384.8,Raj,Offline,Wholesale
2024-04-06,Walnuts,East,24,222.09,Meena,Online,Retail
2024-04-06,Cashews,North,21,282.31,Sunil,Online,Retail
2024-04-06,Pistachios,East,31,377.96,Raj,Offline,Retail
2024-04-06,Almonds,West,22,214.75,Raj,Online,Wholesale
2024-04-07,Pistachios,West,33,352.35,Raj,Offline,Retail
2024-04-08,Walnuts,East,42,398.77,Raj,Offline,Wholesale
2024-04-09,Almonds,East,5,90.13,Meena,Online,Wholesale
2024-04-09,Cashews,East,12,119.82,Ali,Offline,Retail
2024-04-09,Pistachios,West,29,396.23,Raj,Offline,Wholesale
2024-04-09,Raisins,West,35,559.69,Meena,Offline,Retail
2024-04-10,Almonds,North,48,351.66,Meena,Offline,Retail
2024-04-10,Walnuts,East,39,280.23,Meena,Offline,Wholesale
2024-04-10,Pistachios,East,13,115.42,Anita,Online,Wholesale
2024-04-10,Raisins,South,46,492.41,Sunil,Online,Wholesale
2024-04-11,Cashews,East,7,115.39,Meena,Offline,Wholesale
2024-04-11,Walnuts,North,4,34.37,Meena,Offline,Retail
2024-04-12,Raisins,East,47,788.77,Anita,Online,Retail
2024-04-13,Pistachios,South,41,549.39,Sunil,Offline,Wholesale
2024-04-13,Pistachios,West,31,359.96,Ali,Offline,Retail
2024-04-13,Raisins,North,12,212.17,Raj,Offline,Wholesale
2024-04-14,Raisins,West,27,168.98,Raj,Online,Wholesale
2024-04-14,Cashews,East,4,37.32,Ali,Offline,Retail
2024-04-14,Almonds,West,35,502.37,Raj,Offline,Retail
2024-04-15,Walnuts,North,7,107.13,Meena,Offline,Wholesale
2024-04-16,Walnuts,South,4,35.57,Meena,Online,Retail
2024-04-16,Walnuts,East,7,115.89,Sunil,Online,Retail
2024-04-17,Almonds,West,41,811.61,Ali,Online,Wholesale
2024-04-17,Almonds,West,20,353.14,Ali,Online,Retail
2024-04-17,Pistachios,East,19,177.27,Anita,Online,Retail
2024-04-18,Pistachios,East,20,142.41,Anita,Offline,Wholesale
2024-04-18,Pistachios,West,47,410.02,Sunil,Offline,Wholesale
2024-04-19,Cashews,South,3,19.11,Raj,Online,Retail
2024-04-19,Almonds,East,28,510.98,Sunil,Online,Retail
2024-04-20,Cashews,East,44,578.81,Anita,Online,Wholesale
2024-04-20,Cashews,South,8,108.28,Anita,Offline,Retail
2024-04-20,Raisins,East,42,826.4,Anita,Online,Wholesale
2024-04-20,Pistachios,East,21,203.22,Meena,Offline,Retail
2024-04-21,Raisins,South,30,589.93,Sunil,Offline,Wholesale
2024-04-21,Cashews,South,21,360.35,Raj,Online,Wholesale
2024-04-21,Walnuts,North,13,148.88,Sunil,Offline,Wholesale
2024-04-21,Walnuts,West,21,295.61,Anita,Offline,Retail
2024-04-22,Raisins,South,21,306.69,Sunil,Online,Retail
2024-04-23,Walnuts,North,15,153.96,Anita,Offline,Wholesale
2024-04-23,Almonds,North,16,301.47,Anita,Online,Retail
2024-04-23,Pistachios,West,4,57.64,Raj,Online,Retail
2024-04-24,Walnuts,North,10,76.56,Anita,Online,Wholesale
2024-04-24,Cashews,South,43,713.34,Anita,Online,Wholesale
2024-04-24,Pistachios,South,26,180.18,Anita,Offline,Retail
2024-04-24,Cashews,West,6,65.65,Ali,Online,Wholesale
2024-04-25,Raisins,North,23,299.98,Anita,Online,Retail
2024-04-26,Raisins,South,43,371.02,Sunil,Offline,Retail
2024-04-26,Walnuts,North,18,152.7,Anita,Offline,Retail
2024-04-26,Almonds,West,27,190.08,Meena,Online,Wholesale
2024-04-26,Pistachios,North,19,286.75,Raj,Offline,Retail
2024-04-27,Cashews,West,31,426.66,Meena,Offline,Wholesale
2024-04-27,Walnuts,North,10,161.09,Meena,Offline,Retail
2024-04-28,Walnuts,North,12,195.57,Ali,Offline,Wholesale
2024-04-28,Cashews,East,26,218.4,Anita,Offline,Wholesale
2024-04-29,Raisins,South,29,280.42,Ali,Online,Retail
2024-04-29,Raisins,South,29,434.62,Ali,Online,Wholesale
2024-04-29,Almonds,East,34,621.84,Meena,Online,Retail
2024-04-29,Raisins,West,9,175.55,Meena,Offline,Retail
2024-04-30,Raisins,East,4,53.89,Meena,Offline,Wholesale
2024-05-01,Raisins,South,15,111.91,Ali,Offline,Retail
2024-05-01,Raisins,North,30,304.52,Meena,Online,Retail
2024-05-01,Almonds,East,22,415.2,Ali,Offline,Wholesale
2024-05-02,Walnuts,North,7,44.28,Meena,Offline,Wholesale
2024-05-02,Pistachios,North,2,16.58,Anita,Online,Retail
2024-05-02,Almonds,West,40,613.71,Meena,Online,Retail
2024-05-02,Almonds,West,50,521.53,Ali,Offline,Wholesale
2024-05-03,Almonds,West,42,475.91,Sunil,Offline,Retail
2024-05-04,Cashews,East,38,548.04,Meena,Offline,Retail
2024-05-04,Pistachios,West,34,356.44,Sunil,Online,Wholesale
2024-05-04,Pistachios,East,3,41.81,Anita,Offline,Wholesale
2024-05-05,Cashews,North,4,34.94,Meena,Offline,Retail
2024-05-05,Pistachios,West,33,185.04,Sunil,Online,Retail
2024-05-06,Cashews,South,19,115.87,Meena,Offline,Wholesale
2024-05-06,Pistachios,North,13,137.13,Ali,Online,Retail
2024-05-06,Cashews,West,9,81.04,Ali,Online,Wholesale
2024-05-07,Cashews,South,30,283.08,Meena,Offline,Retail
2024-05-07,Cashews,West,6,90.69,Sunil,Online,Wholesale
2024-05-08,Pistachios,South,1,10.43,Meena,Online,Wholesale
2024-05-08,Cashews,East,24,252.11,Raj,Offline,Wholesale
2024-05-08,Raisins,South,7,39.71,Sunil,Offline,Retail
2024-05-09,Pistachios,South,24,210.59,Sunil,Offline,Wholesale
2024-05-09,Raisins,West,48,515.42,Anita,Online,Retail
2024-05-09,Walnuts,East,5,27.3,Sunil,Offline,Retail
2024-05-09,Cashews,West,33,555.73,Anita,Offline,Wholesale
2024-05-10,Pistachios,West,49,358.32,Meena,Online,Retail
2024-05-10,Pistachios,North,1,11.7,Sunil,Offline,Retail
2024-05-10,Walnuts,East,46,684.69,Anita,Online,Wholesale
2024-05-10,Raisins,South,37,709.84,Meena,Online,Retail
2024-05-11,Cashews,North,7,55.06,Raj,Online,Retail
2024-05-12,Cashews,East,19,358.06,Sunil,Online,Wholesale
2024-05-12,Cashews,South,41,232.62,Meena,Offline,Wholesale
2024-05-12,Cashews,North,2,14.46,Sunil,Online,Retail
2024-05-13,Raisins,North,22,321.44,Ali,Online,Retail
2024-05-13,Pistachios,South,16,201.24,Anita,Offline,Wholesale
2024-05-13,Cashews,South,37,521.62,Ali,Online,Retail
2024-05-14,Raisins,North,49,821.7,Meena,Offline,Retail
2024-05-15,Pistachios,North,39,770.67,Anita,Offline,Wholesale
2024-05-15,Raisins,East,49,578.67,Ali,Online,Wholesale
2024-05-15,Pistachios,South,18,214.63,Anita,Online,Retail
2024-05-15,Walnuts,West,26,519.43,Raj,Online,Wholesale
2024-05-16,Walnuts,East,36,527.62,Meena,Offline,Retail
2024-05-16,Walnuts,North,31,520.53,Raj,Online,Retail
2024-05-16,Pistachios,South,11,101.88,Anita,Offline,Retail
2024-05-17,Almonds,East,45,740.14,Anita,Online,Wholesale
2024-05-17,Raisins,East,10,156.75,Sunil,Online,Wholesale
2024-05-18,Almonds,West,5,78.92,Anita,Online,Retail
2024-05-18,Cashews,West,19,355.54,Raj,Online,Retail
2024-05-19,Pistachios,North,47,921.53,Anita,Offline,Retail
2024-05-20,Walnuts,South,19,172.9,Sunil,Offline,Wholesale
2024-05-20,Walnuts,South,25,241.48,Sunil,Online,Retail
2024-05-20,Walnuts,North,11,135.51,Raj,Online,Retail
2024-05-20,Pistachios,North,22,338.87,Anita,Offline,Wholesale
2024-05-21,Raisins,West,15,83.29,Meena,Online,Wholesale
2024-05-22,Walnuts,North,37,215.8,Ali,Online,Wholesale
2024-05-23,Cashews,South,42,606.52,Ali,Online,Retail
2024-05-24,Raisins,East,10,106.12,Ali,Offline,Retail
2024-05-25,Raisins,South,39,328.15,Raj,Online,Wholesale
2024-05-26,Cashews,East,47,733.14,Ali,Online,Retail
2024-05-26,Walnuts,South,50,917.55,Anita,Offline,Retail
2024-05-26,Raisins,North,35,445.05,Ali,Online,Retail
2024-05-26,Pistachios,East,42,266.68,Raj,Online,Retail
2024-05-27,Almonds,East,8,155.34,Anita,Offline,Retail
2024-05-27,Cashews,North,41,665.05,Ali,Online,Retail
2024-05-28,Almonds,East,38,732.86,Sunil,Offline,Retail
2024-05-29,Walnuts,North,21,334.51,Meena,Offline,Wholesale
2024-05-29,Cashews,South,16,245.01,Sunil,Offline,Wholesale
2024-05-29,Almonds,East,39,469.57,Sunil,Offline,Retail
2024-05-29,Pistachios,North,50,958.7,Anita,Offline,Retail
2024-05-30,Walnuts,West,18,192.64,Raj,Online,Retail
2024-05-30,Cashews,East,7,35.21,Anita,Offline,Wholesale
2024-05-30,Almonds,West,7,36.69,Anita,Online,Retail
2024-05-31,Raisins,West,49,308.24,Sunil,Online,Wholesale
2024-06-01,Walnuts,South,47,552.83,Ali,Online,Wholesale
2024-06-01,Raisins,East,11,94,Meena,Online,Wholesale
2024-06-01,Almonds,East,32,421.35,Sunil,Offline,Wholesale
2024-06-02,Walnuts,East,42,540.62,Ali,Offline,Retail
2024-06-02,Raisins,North,4,74.45,Raj,Offline,Retail
2024-06-02,Almonds,East,28,485.72,Meena,Offline,Retail
2024-06-02,Cashews,West,14,145.25,Sunil,Offline,Retail
2024-06-03,Walnuts,West,36,668.22,Meena,Online,Wholesale
2024-06-03,Pistachios,North,17,294.55,Anita,Offline,Retail
2024-06-03,Walnuts,East,29,549.75,Raj,Offline,Retail
2024-06-03,Cashews,North,10,127.51,Sunil,Offline,Wholesale
2024-06-04,Cashews,West,10,90.58,Anita,Offline,Retail
2024-06-04,Walnuts,South,9,140.23,Anita,Online,Wholesale
2024-06-04,Pistachios,South,43,301.73,Sunil,Offline,Retail
2024-06-05,Walnuts,South,42,452.06,Ali,Online,Retail
2024-06-06,Cashews,West,14,84.58,Meena,Offline,Retail
2024-06-07,Raisins,East,49,469.76,Ali,Online,Wholesale
2024-06-07,Almonds,South,8,130.1,Sunil,Offline,Wholesale
2024-06-08,Almonds,South,2,26.77,Sunil,Offline,Retail
2024-06-08,Raisins,East,24,389.62,Meena,Offline,Retail
2024-06-08,Pistachios,South,1,12.43,Raj,Online,Wholesale
2024-06-09,Walnuts,East,19,324.21,Raj,Offline,Retail
2024-06-09,Cashews,South,21,206.75,Sunil,Offline,Wholesale
2024-06-09,Almonds,East,6,42.31,Anita,Online,Wholesale
2024-06-10,Almonds,South,24,469.27,Anita,Online,Wholesale
2024-06-10,Almonds,North,18,236.64,Raj,Online,Retail
2024-06-11,Almonds,West,1,11.56,Anita,Online,Retail
2024-06-12,Walnuts,North,45,792.29,Meena,Online,Wholesale
2024-06-12,Walnuts,South,29,454.61,Raj,Offline,Wholesale
2024-06-13,Cashews,East,36,641.05,Anita,Online,Retail
2024-06-13,Almonds,West,5,34.62,Sunil,Online,Retail
2024-06-13,Raisins,East,39,563.15,Raj,Offline,Wholesale
2024-06-13,Cashews,South,34,434.5,Anita,Offline,Retail
2024-06-14,Raisins,East,31,297.69,Ali,Online,Wholesale
2024-06-14,Pistachios,North,37,649.99,Meena,Online,Wholesale
2024-06-14,Pistachios,North,44,543.67,Raj,Offline,Wholesale
2024-06-15,Walnuts,South,14,240.55,Raj,Offline,Retail
2024-06-15,Pistachios,West,22,406.35,Sunil,Online,Retail
2024-06-16,Walnuts,East,42,616.86,Sunil,Online,Retail
2024-06-16,Cashews,South,27,258.13,Sunil,Online,Wholesale
2024-06-16,Cashews,North,50,726.29,Sunil,Online,Retail
2024-06-16,Walnuts,South,1,7.78,Sunil,Offline,Retail
2024-06-17,Pistachios,West,41,815.98,Meena,Offline,Retail
2024-06-17,Raisins,East,47,514.03,Anita,Online,Retail
2024-06-17,Walnuts,South,8,58.29,Raj,Offline,Retail
2024-06-17,Walnuts,North,32,569.33,Meena,Online,Wholesale
2024-06-18,Cashews,East,5,32.2,Sunil,Online,Retail
2024-06-18,Cashews,West,16,270.34,Sunil,Online,Retail
2024-06-18,Raisins,West,50,924.94,Meena,Offline,Retail
2024-06-18,Raisins,North,7,113.61,Raj,Online,Retail
2024-06-19,Raisins,East,13,103.16,Sunil,Online,Wholesale
2024-06-19,Walnuts,East,37,703.91,Anita,Offline,Retail
2024-06-19,Pistachios,West,16,160.13,Anita,Online,Retail
2024-06-19,Pistachios,South,47,890.93,Raj,Offline,Retail
2024-06-20,Pistachios,South,45,527.68,Ali,Offline,Retail
2024-06-20,Almonds,East,2,30.63,Sunil,Offline,Retail
2024-06-21,Walnuts,South,13,258.1,Raj,Offline,Retail
2024-06-21,Walnuts,South,50,474.4,Sunil,Online,Wholesale
2024-06-21,Raisins,South,27,317.5,Sunil,Offline,Wholesale
2024-06-22,Cashews,East,31,422.23,Sunil,Online,Wholesale
2024-06-22,Pistachios,East,19,203.2,Meena,Online,Wholesale
2024-06-22,Cashews,East,48,525.71,Ali,Offline,Retail
2024-06-23,Pistachios,North,12,188.37,Sunil,Online,Retail
2024-06-23,Walnuts,West,23,177.21,Meena,Offline,Retail
2024-06-24,Walnuts,West,28,145.63,Anita,Online,Retail
2024-06-24,Pistachios,South,40,696.87,Raj,Offline,Wholesale
2024-06-24,Cashews,West,17,138.02,Raj,Offline,Wholesale
2024-06-25,Walnuts,West,17,140.92,Sunil,Online,Retail
2024-06-25,Pistachios,South,12,190.56,Ali,Offline,Wholesale
2024-06-25,Cashews,East,18,262.67,Raj,Offline,Retail
2024-06-25,Almonds,North,7,138.96,Raj,Online,Retail
2024-06-26,Pistachios,South,3,19.88,Meena,Online,Retail
2024-06-26,Pistachios,West,18,304.89,Sunil,Offline,Retail
2024-06-26,Almonds,South,22,195.12,Anita,Online,Wholesale
2024-06-27,Walnuts,East,36,632.07,Ali,Offline,Wholesale
2024-06-27,Cashews,South,7,91.33,Anita,Online,Retail
2024-06-27,Almonds,North,50,287.63,Meena,Offline,Wholesale
2024-06-28,Cashews,East,40,490.38,Meena,Online,Retail
2024-06-29,Raisins,North,7,130.19,Sunil,Offline,Retail
2024-06-29,Almonds,South,40,652.35,Sunil,Offline,Wholesale
2024-06-29,Walnuts,West,48,611.87,Sunil,Online,Wholesale
2024-06-29,Walnuts,North,19,339.09,Ali,Online,Wholesale
2024-06-30,Cashews,East,34,405.68,Anita,Offline,Wholesale
2024-06-30,Raisins,North,35,369.24,Anita,Offline,Wholesale
2024-06-30,Pistachios,North,17,240.47,Ali,Offline,Retail
2024-06-30,Almonds,West,50,395.45,Meena,Offline,Wholesale
2024-07-01,Almonds,East,39,361.01,Sunil,Online,Retail
2024-07-01,Pistachios,South,22,255.1,Ali,Offline,Wholesale
2024-07-01,Cashews,West,34,266.52,Anita,Online,Wholesale
2024-07-01,Almonds,East,42,316.94,Raj,Offline,Wholesale
2024-07-02,Cashews,West,41,442.46,Meena,Offline,Wholesale
2024-07-02,Almonds,North,48,289.95,Sunil,Online,Wholesale
2024-07-02,Pistachios,North,47,731.18,Sunil,Online,Retail
2024-07-03,Cashews,West,22,207.7,Anita,Online,Wholesale
2024-07-03,Almonds,West,3,29.47,Anita,Offline,Wholesale
2024-07-03,Pistachios,North,18,276.34,Anita,Online,Retail
2024-07-04,Pistachios,East,45,788.54,Anita,Online,Wholesale
2024-07-04,Almonds,East,38,711.37,Meena,Online,Wholesale
2024-07-05,Almonds,South,19,229.55,Raj,Online,Retail
2024-07-05,Walnuts,East,50,497.2,Anita,Offline,Retail
2024-07-06,Almonds,South,35,217.02,Raj,Online,Retail
2024-07-07,Raisins,West,16,294.51,Raj,Online,Retail
2024-07-07,Walnuts,West,38,338.37,Raj,Offline,Retail
2024-07-07,Cashews,West,26,374.66,Meena,Offline,Wholesale
2024-07-08,Walnuts,North,14,169.94,Sunil,Offline,Wholesale
2024-07-08,Walnuts,North,15,290.14,Sunil,Offline,Retail
2024-07-08,Almonds,West,29,317.45,Anita,Offline,Wholesale
2024-07-08,Raisins,East,2,20.1,Anita,Offline,Retail
2024-07-09,Pistachios,West,2,39.92,Meena,Offline,Wholesale
2024-07-10,Pistachios,North,4,32.64,Meena,Offline,Wholesale
2024-07-10,Almonds,North,41,785.54,Sunil,Offline,Wholesale
2024-07-10,Cashews,East,41,257.46,Meena,Online,Wholesale
2024-07-11,Pistachios,South,46,274.09,Meena,Online,Retail
2024-07-11,Cashews,West,41,753.23,Ali,Online,Retail
2024-07-12,Walnuts,South,28,274.66,Meena,Offline,Wholesale
2024-07-13,Raisins,South,6,71.12,Meena,Offline,Wholesale
2024-07-14,Pistachios,North,2,38.06,Sunil,Online,Wholesale
2024-07-14,Almonds,North,14,183.34,Meena,Online,Wholesale
2024-07-15,Raisins,East,33,557.41,Ali,Online,Retail
2024-07-16,Pistachios,South,43,738.55,Sunil,Online,Retail
2024-07-16,Raisins,West,38,364.3,Raj,Online,Retail
2024-07-16,Walnuts,East,49,296.19,Meena,Offline,Retail
2024-07-17,Almonds,North,16,152.99,Anita,Offline,Retail
2024-07-17,Cashews,West,37,421.33,Raj,Offline,Retail
2024-07-17,Walnuts,North,16,254.87,Anita,Online,Retail
2024-07-18,Cashews,South,16,228.76,Sunil,Offline,Retail
2024-07-19,Walnuts,South,28,537.92,Raj,Online,Retail
2024-07-19,Almonds,South,12,139.41,Raj,Offline,Wholesale
2024-07-19,Almonds,South,3,30.64,Anita,Online,Retail
2024-07-20,Almonds,West,6,86.79,Anita,Online,Retail
2024-07-20,Raisins,East,49,334.03,Sunil,Offline,Retail
2024-07-20,Cashews,East,8,146.58,Anita,Offline,Wholesale
2024-07-21,Raisins,East,32,199.35,Sunil,Online,Retail
2024-07-21,Raisins,East,16,222.62,Raj,Online,Wholesale
2024-07-22,Raisins,North,49,370.67,Raj,Offline,Retail
2024-07-22,Walnuts,East,27,181.92,Sunil,Online,Retail
2024-07-23,Almonds,West,4,47.29,Raj,Offline,Wholesale
2024-07-23,Almonds,North,37,312.84,Meena,Online,Wholesale
2024-07-23,Walnuts,East,43,219.42,Raj,Online,Wholesale
2024-07-23,Cashews,East,3,52.21,Ali,Online,Wholesale
2024-07-24,Pistachios,East,32,420.43,Ali,Offline,Wholesale
2024-07-25,Raisins,West,43,793.89,Raj,Online,Retail
2024-07-25,Raisins,South,14,108.86,Raj,Online,Wholesale
2024-07-26,Cashews,West,14,171.17,Raj,Online,Retail
2024-07-26,Raisins,South,41,472.8,Sunil,Offline,Wholesale
2024-07-26,Walnuts,South,46,758.06,Raj,Offline,Retail
2024-07-26,Cashews,West,2,15.13,Ali,Online,Retail
2024-07-27,Walnuts,East,40,535.01,Meena,Offline,Retail
2024-07-27,Cashews,West,18,323.11,Sunil,Offline,Retail
2024-07-27,Pistachios,South,32,539.44,Raj,Online,Wholesale
2024-07-27,Pistachios,East,22,198.77,Anita,Online,Retail
2024-07-28,Pistachios,South,47,620.88,Raj,Online,Retail
2024-07-28,Pistachios,North,32,237.31,Sunil,Offline,Wholesale
2024-07-29,Raisins,South,41,698.01,Anita,Offline,Wholesale
2024-07-29,Cashews,South,17,260.32,Ali,Online,Retail
2024-07-29,Almonds,North,30,376.28,Ali,Online,Wholesale
2024-07-29,Cashews,North,13,216.92,Meena,Online,Retail
2024-07-30,Cashews,West,1,11.68,Anita,Offline,Retail
2024-07-30,Walnuts,West,31,618.99,Meena,Online,Retail
2024-07-31,Cashews,East,22,323.08,Ali,Offline,Retail
2024-07-31,Almonds,South,12,132.18,Sunil,Online,Wholesale
2024-08-01,Pistachios,North,18,333.41,Meena,Online,Retail
2024-08-02,Almonds,North,22,383.76,Sunil,Offline,Wholesale
2024-08-02,Raisins,West,24,360.4,Raj,Offline,Retail
2024-08-03,Pistachios,South,37,600.27,Ali,Online,Retail
2024-08-03,Almonds,East,21,358.76,Anita,Online,Wholesale
2024-08-03,Walnuts,West,33,459.58,Meena,Online,Retail
2024-08-04,Almonds,South,49,260.52,Raj,Offline,Retail
2024-08-04,Walnuts,North,39,751.88,Meena,Offline,Wholesale
2024-08-05,Walnuts,West,43,515.58,Sunil,Online,Retail
2024-08-05,Walnuts,West,46,551.13,Raj,Offline,Wholesale
2024-08-05,Almonds,South,43,252.99,Sunil,Online,Retail
2024-08-05,Raisins,South,37,626.84,Ali,Offline,Wholesale
2024-08-06,Pistachios,West,35,503.54,Ali,Offline,Retail
2024-08-06,Raisins,East,42,317.63,Raj,Online,Retail
2024-08-06,Pistachios,South,25,252.76,Anita,Online,Retail
2024-08-07,Walnuts,West,34,233.96,Sunil,Online,Wholesale
2024-08-08,Raisins,West,18,185.47,Anita,Offline,Retail
2024-08-09,Cashews,South,35,368.81,Raj,Offline,Wholesale
2024-08-09,Raisins,West,49,963.49,Anita,Offline,Wholesale
2024-08-10,Cashews,North,36,505.14,Sunil,Offline,Wholesale
2024-08-10,Almonds,East,10,198.08,Anita,Online,Wholesale
2024-08-11,Almonds,North,2,39.18,Meena,Online,Retail
2024-08-11,Cashews,South,28,476.41,Ali,Online,Wholesale
2024-08-12,Walnuts,South,27,436.43,Meena,Offline,Retail
2024-08-12,Almonds,West,43,841.33,Anita,Online,Retail
2024-08-12,Raisins,South,19,255.87,Sunil,Online,Retail
2024-08-13,Raisins,North,3,24.87,Ali,Offline,Wholesale
2024-08-13,Almonds,North,14,178.21,Ali,Online,Wholesale
2024-08-14,Almonds,West,21,241.76,Sunil,Online,Wholesale
2024-08-14,Almonds,South,18,336.26,Ali,Online,Wholesale
2024-08-14,Almonds,East,26,193.91,Anita,Online,Retail
2024-08-14,Almonds,South,7,123.92,Anita,Online,Wholesale
2024-08-15,Raisins,West,42,386.65,Ali,Offline,Wholesale
2024-08-16,Walnuts,East,20,281.57,Sunil,Offline,Wholesale
2024-08-16,Almonds,East,36,578.08,Anita,Offline,Retail
2024-08-16,Almonds,South,28,544.1,Raj,Offline,Retail
2024-08-16,Pistachios,East,34,173.77,Sunil,Online,Wholesale
2024-08-17,Cashews,East,36,253.07,Ali,Online,Retail
2024-08-17,Pistachios,East,38,260.15,Ali,Offline,Retail
2024-08-17,Pistachios,South,31,551.35,Meena,Offline,Retail
2024-08-18,Pistachios,West,45,375.22,Raj,Offline,Wholesale
2024-08-19,Pistachios,South,22,188.63,Anita,Offline,Wholesale
2024-08-19,Raisins,South,16,316.47,Anita,Offline,Wholesale
2024-08-20,Cashews,North,44,488.08,Raj,Online,Wholesale
2024-08-20,Cashews,South,37,633.03,Meena,Online,Retail
2024-08-20,Pistachios,North,37,367.27,Raj,Online,Retail
2024-08-21,Walnuts,East,24,126.99,Anita,Offline,Wholesale
2024-08-21,Walnuts,North,26,473.99,Sunil,Offline,Wholesale
2024-08-21,Cashews,West,47,557.52,Meena,Online,Retail
2024-08-22,Pistachios,East,4,26.41,Anita,Offline,Retail
2024-08-23,Raisins,West,30,399.99,Meena,Offline,Wholesale
2024-08-23,Raisins,West,1,15.65,Anita,Offline,Retail
2024-08-23,Pistachios,North,35,262.04,Sunil,Online,Retail
2024-08-23,Pistachios,South,1,14.82,Sunil,Online,Retail
2024-08-24,Pistachios,East,15,93.58,Anita,Offline,Wholesale
2024-08-24,Walnuts,South,18,275.33,Ali,Online,Retail
2024-08-24,Pistachios,North,11,210.71,Ali,Offline,Retail
2024-08-24,Walnuts,West,4,55.64,Meena,Online,Retail
2024-08-25,Cashews,West,29,151.24,Ali,Offline,Wholesale
2024-08-25,Pistachios,West,22,407.11,Sunil,Offline,Wholesale
2024-08-26,Pistachios,East,5,75.91,Raj,Offline,Wholesale
2024-08-26,Walnuts,West,45,496.71,Sunil,Online,Wholesale
2024-08-27,Almonds,North,26,359.59,Raj,Offline,Wholesale
2024-08-28,Walnuts,West,1,9.08,Raj,Offline,Wholesale
2024-08-29,Almonds,West,44,740.77,Meena,Offline,Retail
2024-08-29,Raisins,South,42,257.25,Sunil,Offline,Wholesale
2024-08-29,Cashews,South,22,360.67,Anita,Online,Retail
2024-08-30,Almonds,South,49,493.56,Raj,Offline,Wholesale
2024-08-31,Pistachios,West,2,33.98,Meena,Offline,Wholesale
2024-08-31,Cashews,East,41,393.69,Raj,Online,Retail
2024-08-31,Walnuts,North,30,397.38,Ali,Online,Wholesale
2024-08-31,Pistachios,East,30,458.55,Meena,Online,Retail
2024-09-01,Pistachios,East,47,730.18,Anita,Offline,Wholesale
2024-09-01,Cashews,East,47,406.26,Ali,Offline,Wholesale
2024-09-01,Almonds,West,36,420.54,Sunil,Offline,Wholesale
2024-09-01,Cashews,East,33,584.27,Ali,Offline,Wholesale
2024-09-02,Almonds,North,36,521.46,Anita,Online,Wholesale
2024-09-03,Walnuts,East,32,491.79,Ali,Online,Retail
2024-09-03,Cashews,North,39,329.07,Ali,Online,Retail
2024-09-03,Cashews,West,9,127.56,Sunil,Online,Retail
2024-09-03,Raisins,North,19,181.58,Meena,Offline,Wholesale
2024-09-04,Cashews,South,42,632.54,Anita,Online,Retail
2024-09-05,Cashews,South,14,170.77,Raj,Online,Wholesale
2024-09-05,Walnuts,West,21,105.5,Raj,Online,Wholesale
2024-09-05,Walnuts,North,43,474.35,Ali,Online,Wholesale
2024-09-05,Pistachios,East,10,61.23,Meena,Offline,Wholesale
2024-09-06,Almonds,West,7,118.69,Meena,Offline,Wholesale
2024-09-06,Walnuts,East,45,797.85,Anita,Offline,Retail
2024-09-06,Almonds,East,11,122.51,Anita,Offline,Wholesale
2024-09-06,Raisins,West,21,214.88,Ali,Online,Retail
2024-09-07,Walnuts,South,2,32.45,Ali,Offline,Retail
2024-09-07,Pistachios,West,46,461.49,Meena,Offline,Wholesale
2024-09-08,Raisins,West,18,99.46,Meena,Offline,Wholesale
2024-09-09,Almonds,East,30,265.07,Meena,Offline,Retail
2024-09-10,Pistachios,South,43,436.17,Raj,Online,Retail
2024-09-11,Raisins,North,36,379.36,Ali,Offline,Wholesale
2024-09-11,Pistachios,South,38,548.12,Ali,Online,Wholesale
2024-09-11,Almonds,South,5,93.82,Sunil,Offline,Retail
2024-09-11,Almonds,West,29,571.57,Ali,Offline,Retail
2024-09-12,Cashews,South,13,67.15,Anita,Online,Wholesale
2024-09-13,Walnuts,West,28,279.89,Anita,Online,Wholesale
2024-09-14,Raisins,West,38,215.29,Anita,Offline,Retail
2024-09-14,Cashews,West,24,443.61,Meena,Offline,Retail
2024-09-15,Walnuts,West,36,624.5,Meena,Online,Wholesale
2024-09-16,Almonds,East,38,541.25,Anita,Offline,Wholesale
2024-09-16,Walnuts,South,9,65.68,Ali,Offline,Retail
2024-09-16,Walnuts,West,22,340.27,Meena,Online,Retail
2024-09-17,Cashews,West,7,116.97,Anita,Offline,Retail
2024-09-18,Raisins,South,31,311.97,Ali,Offline,Wholesale
2024-09-18,Pistachios,West,23,284.85,Sunil,Online,Retail
2024-09-19,Almonds,East,41,805.08,Anita,Online,Wholesale
2024-09-19,Pistachios,South,1,18.26,Sunil,Offline,Retail
2024-09-20,Cashews,East,48,616.85,Raj,Online,Wholesale
2024-09-20,Pistachios,West,6,78.62,Ali,Offline,Retail
2024-09-21,Almonds,West,27,290.55,Meena,Online,Retail
2024-09-21,Pistachios,West,36,269.17,Meena,Offline,Retail
2024-09-22,Almonds,North,11,169.02,Anita,Offline,Retail
2024-09-22,Almonds,South,18,359.01,Meena,Offline,Retail
2024-09-22,Pistachios,North,35,405.22,Raj,Offline,Wholesale
2024-09-22,Pistachios,East,20,215.03,Sunil,Offline,Wholesale
2024-09-23,Almonds,South,39,352.34,Raj,Offline,Wholesale
2024-09-23,Raisins,South,29,304,Anita,Offline,Wholesale
2024-09-24,Walnuts,East,25,394.66,Ali,Online,Wholesale
2024-09-24,Cashews,East,26,221.97,Meena,Online,Retail
2024-09-24,Walnuts,North,11,131.67,Meena,Online,Retail
2024-09-25,Almonds,East,31,560.79,Ali,Offline,Retail
2024-09-25,Walnuts,North,16,127.94,Anita,Online,Retail
2024-09-25,Pistachios,North,37,648.34,Anita,Offline,Retail
2024-09-25,Walnuts,North,11,59.93,Raj,Online,Wholesale
2024-09-26,Pistachios,South,45,309.59,Meena,Online,Wholesale
2024-09-27,Cashews,North,2,32.96,Meena,Offline,Wholesale
2024-09-27,Walnuts,West,34,276.72,Raj,Online,Wholesale
2024-09-28,Almonds,North,1,14.81,Meena,Online,Wholesale
2024-09-28,Almonds,South,13,230.44,Meena,Online,Retail
2024-09-28,Walnuts,North,23,201.47,Ali,Offline,Wholesale
2024-09-29,Raisins,West,6,47.62,Ali,Offline,Retail
2024-09-29,Almonds,West,44,271.19,Anita,Offline,Wholesale
2024-09-30,Almonds,South,15,223.03,Meena,Offline,Wholesale
2024-09-30,Walnuts,South,45,495.95,Sunil,Offline,Retail
2024-09-30,Almonds,West,16,159.48,Raj,Offline,Retail
2024-10-01,Almonds,East,1,7.88,Raj,Offline,Wholesale
2024-10-02,Almonds,South,27,300.77,Sunil,Online,Wholesale
2024-10-02,Pistachios,West,8,152.29,Ali,Offline,Retail
2024-10-02,Walnuts,North,10,64.75,Meena,Offline,Wholesale
2024-10-02,Cashews,East,18,246,Sunil,Offline,Wholesale
2024-10-03,Raisins,West,6,112.82,Ali,Online,Retail
2024-10-03,Almonds,South,48,365.37,Raj,Online,Retail
2024-10-04,Raisins,South,7,108.59,Raj,Offline,Retail
2024-10-05,Cashews,South,2,39.04,Sunil,Offline,Retail
2024-10-05,Cashews,West,22,112.33,Meena,Offline,Retail
2024-10-06,Cashews,East,29,264.17,Sunil,Offline,Wholesale
2024-10-07,Almonds,East,26,199.01,Sunil,Online,Wholesale
2024-10-07,Raisins,North,11,117.74,Sunil,Offline,Retail
2024-10-08,Walnuts,East,43,654.49,Anita,Offline,Wholesale
2024-10-08,Raisins,North,25,467.28,Sunil,Online,Wholesale
2024-10-08,Almonds,East,50,408.34,Anita,Online,Retail
2024-10-08,Walnuts,North,16,251.94,Sunil,Online,Retail
2024-10-09,Almonds,East,25,266.69,Raj,Offline,Retail
2024-10-10,Cashews,South,2,23.4,Raj,Offline,Retail
2024-10-10,Raisins,East,20,163.5,Sunil,Online,Retail
2024-10-10,Almonds,North,34,430.56,Ali,Online,Retail
2024-10-11,Pistachios,East,11,152.1,Sunil,Offline,Retail
2024-10-11,Walnuts,North,31,230.77,Anita,Online,Retail
2024-10-11,Walnuts,South,1,13.3,Anita,Online,Retail
2024-10-12,Raisins,North,44,569.88,Raj,Online,Retail
2024-10-12,Cashews,South,20,124.59,Meena,Online,Wholesale
2024-10-12,Pistachios,West,29,439.57,Raj,Offline,Wholesale
2024-10-12,Walnuts,North,44,672.33,Meena,Online,Wholesale
2024-10-13,Raisins,East,18,184.76,Raj,Offline,Retail
2024-10-14,Pistachios,East,33,388.12,Meena,Online,Retail
2024-10-14,Walnuts,West,14,183.72,Ali,Online,Retail
2024-10-15,Raisins,South,6,110.79,Anita,Offline,Wholesale
2024-10-15,Walnuts,North,40,423.69,Anita,Offline,Wholesale
2024-10-16,Walnuts,West,6,33.58,Ali,Online,Retail
2024-10-16,Raisins,West,2,38.24,Meena,Online,Wholesale
2024-10-16,Cashews,South,14,210.37,Ali,Offline,Retail
2024-10-16,Almonds,East,19,238.61,Sunil,Offline,Wholesale
2024-10-17,Cashews,North,30,170.19,Meena,Offline,Wholesale
2024-10-17,Walnuts,East,37,641.22,Raj,Offline,Retail
2024-10-17,Raisins,North,37,619.51,Sunil,Offline,Retail
2024-10-17,Pistachios,East,1,9.98,Anita,Offline,Retail
2024-10-18,Walnuts,West,16,155.81,Ali,Online,Retail
2024-10-18,Walnuts,North,8,54.26,Meena,Offline,Wholesale
2024-10-19,Cashews,West,42,697.27,Anita,Online,Wholesale
2024-10-19,Walnuts,West,9,157.83,Sunil,Offline,Wholesale
2024-10-19,Pistachios,North,30,153.17,Sunil,Offline,Wholesale
2024-10-19,Almonds,East,9,127.39,Meena,Offline,Wholesale
2024-10-20,Pistachios,West,20,206.92,Anita,Offline,Wholesale
2024-10-20,Pistachios,North,10,149.49,Raj,Offline,Wholesale
2024-10-20,Pistachios,South,41,534.07,Anita,Online,Retail
2024-10-21,Almonds,West,3,32.2,Anita,Online,Retail
2024-10-21,Pistachios,North,45,498.14,Sunil,Online,Retail
2024-10-21,Walnuts,East,10,128.71,Anita,Online,Retail
2024-10-22,Almonds,South,41,645.16,Ali,Online,Wholesale
2024-10-23,Raisins,West,45,467.66,Ali,Offline,Wholesale
2024-10-24,Cashews,East,12,166.99,Anita,Offline,Retail
2024-10-24,Raisins,East,12,238.88,Sunil,Offline,Wholesale
2024-10-24,Pistachios,East,50,625.93,Anita,Online,Retail
2024-10-24,Almonds,South,35,289,Meena,Online,Retail
2024-10-25,Almonds,West,46,380.51,Meena,Online,Retail
2024-10-26,Walnuts,South,4,24.31,Ali,Offline,Retail
2024-10-26,Cashews,North,38,195.25,Ali,Offline,Wholesale
2024-10-26,Almonds,North,35,332.91,Ali,Offline,Wholesale
2024-10-26,Walnuts,East,43,621,Anita,Online,Retail
2024-10-27,Almonds,East,38,194.15,Anita,Online,Wholesale
2024-10-28,Cashews,East,25,427.03,Raj,Offline,Retail
2024-10-29,Raisins,West,3,59.93,Ali,Online,Wholesale
2024-10-30,Raisins,South,45,373.26,Raj,Offline,Wholesale
2024-10-30,Pistachios,East,41,763.52,Meena,Online,Wholesale
2024-10-30,Cashews,North,15,232.38,Anita,Online,Retail
2024-10-31,Walnuts,West,37,614.85,Raj,Offline,Retail
2024-11-01,Almonds,South,14,154.88,Raj,Offline,Retail
2024-11-01,Walnuts,East,44,363.23,Ali,Offline,Wholesale
2024-11-02,Cashews,West,49,284.28,Sunil,Online,Retail
2024-11-02,Walnuts,South,44,868.02,Sunil,Online,Retail
2024-11-02,Raisins,West,10,54.2,Anita,Online,Retail
2024-11-02,Almonds,West,35,306.98,Ali,Offline,Retail
2024-11-03,Cashews,South,19,362,Sunil,Offline,Retail
2024-11-04,Almonds,South,11,130.1,Meena,Online,Wholesale
2024-11-04,Cashews,East,16,261.94,Anita,Online,Retail
2024-11-04,Almonds,South,6,74.65,Sunil,Online,Retail
2024-11-04,Cashews,East,15,231.22,Sunil,Online,Wholesale
2024-11-05,Pistachios,North,13,245.18,Sunil,Online,Retail
2024-11-06,Walnuts,East,10,111.55,Anita,Online,Retail
2024-11-06,Pistachios,North,9,154.41,Ali,Offline,Wholesale
2024-11-06,Pistachios,North,32,245.09,Sunil,Online,Wholesale
2024-11-07,Raisins,West,20,338.52,Anita,Online,Retail
2024-11-07,Almonds,East,33,640.3,Ali,Offline,Wholesale
2024-11-08,Walnuts,South,29,576.54,Anita,Offline,Wholesale
2024-11-08,Walnuts,South,49,351.84,Meena,Offline,Wholesale
2024-11-08,Almonds,East,3,45.02,Sunil,Offline,Wholesale
2024-11-08,Raisins,East,36,488.64,Ali,Offline,Retail
2024-11-09,Walnuts,West,19,378.93,Meena,Online,Retail
2024-11-09,Almonds,South,26,413.4,Sunil,Online,Wholesale
2024-11-10,Almonds,North,22,338.37,Ali,Offline,Retail
2024-11-10,Pistachios,North,14,231.38,Raj,Offline,Wholesale
2024-11-10,Cashews,West,15,233.77,Anita,Online,Retail
2024-11-10,Almonds,West,7,60.53,Sunil,Offline,Retail
2024-11-11,Pistachios,North,18,333.66,Anita,Online,Wholesale
2024-11-12,Cashews,West,7,42.78,Sunil,Offline,Wholesale
2024-11-13,Cashews,South,9,148.24,Anita,Offline,Retail
2024-11-13,Cashews,North,50,694.56,Ali,Online,Wholesale
2024-11-13,Pistachios,East,14,98.44,Anita,Online,Wholesale
2024-11-13,Walnuts,North,46,351.43,Raj,Offline,Retail
2024-11-14,Walnuts,West,28,478.14,Ali,Offline,Retail
2024-11-14,Walnuts,South,17,109.91,Meena,Online,Wholesale
2024-11-14,Raisins,North,11,126.44,Sunil,Offline,Wholesale
2024-11-15,Walnuts,East,43,798.08,Raj,Offline,Retail
2024-11-15,Raisins,West,21,282.14,Meena,Online,Wholesale
2024-11-16,Raisins,South,38,573.19,Sunil,Offline,Retail
2024-11-16,Pistachios,East,44,545.09,Raj,Offline,Wholesale
2024-11-16,Cashews,South,13,253.58,Anita,Offline,Retail
2024-11-16,Raisins,North,38,626.86,Raj,Online,Wholesale
2024-11-17,Almonds,South,37,307.2,Sunil,Offline,Retail
2024-11-18,Raisins,East,20,376.97,Raj,Offline,Wholesale
2024-11-18,Raisins,West,28,408.75,Sunil,Offline,Retail
2024-11-18,Pistachios,North,35,550.41,Meena,Offline,Wholesale
2024-11-19,Almonds,South,5,75.67,Ali,Online,Wholesale
2024-11-19,Cashews,West,14,128.49,Raj,Online,Retail
2024-11-19,Almonds,West,22,227.44,Anita,Offline,Retail
2024-11-20,Cashews,North,5,82.56,Anita,Offline,Wholesale
2024-11-20,Pistachios,North,6,113.52,Anita,Online,Wholesale
2024-11-20,Almonds,South,8,78.38,Meena,Offline,Retail
2024-11-21,Walnuts,West,17,333.55,Sunil,Online,Wholesale
2024-11-21,Walnuts,West,11,86.78,Raj,Online,Wholesale
2024-11-21,Pistachios,South,49,307.47,Sunil,Online,Wholesale
2024-11-21,Raisins,West,11,112.2,Meena,Offline,Retail
2024-11-22,Raisins,East,11,180.23,Meena,Offline,Wholesale
2024-11-22,Walnuts,East,42,491.81,Anita,Offline,Wholesale
2024-11-23,Cashews,West,38,634.35,Raj,Offline,Wholesale
2024-11-23,Walnuts,North,22,371.66,Anita,Online,Wholesale
2024-11-23,Almonds,North,8,109.26,Meena,Online,Wholesale
2024-11-23,Pistachios,West,48,697.57,Sunil,Offline,Retail
2024-11-24,Pistachios,East,33,385.62,Ali,Offline,Wholesale
2024-11-25,Almonds,North,15,89.65,Ali,Online,Wholesale
2024-11-25,Walnuts,East,31,404.4,Meena,Online,Wholesale
2024-11-26,Almonds,South,39,244.74,Meena,Offline,Wholesale
2024-11-26,Pistachios,West,3,29.47,Ali,Offline,Wholesale
2024-11-26,Almonds,East,7,126.84,Ali,Online,Retail
2024-11-27,Almonds,South,3,48.79,Ali,Offline,Retail
2024-11-27,Cashews,North,23,140.1,Raj,Online,Retail
2024-11-27,Pistachios,East,22,432.34,Raj,Offline,Retail
2024-11-27,Cashews,South,17,138.04,Ali,Offline,Retail
2024-11-28,Raisins,West,13,152.83,Anita,Offline,Wholesale
2024-11-28,Cashews,South,19,164.58,Anita,Offline,Retail
2024-11-29,Almonds,South,43,233.73,Anita,Offline,Wholesale
2024-11-29,Raisins,North,25,137.33,Raj,Offline,Retail
2024-11-29,Raisins,North,11,101.95,Raj,Online,Retail
2024-11-29,Cashews,West,39,384.85,Meena,Online,Retail
2024-11-30,Pistachios,East,34,243.28,Anita,Offline,Retail
2024-12-01,Raisins,South,40,797.35,Sunil,Online,Wholesale
2024-12-01,Raisins,West,37,616.7,Anita,Online,Retail
2024-12-01,Cashews,East,40,250.19,Ali,Offline,Retail
2024-12-01,Cashews,East,19,334.82,Ali,Online,Retail
2024-12-02,Raisins,South,33,615.37,Sunil,Online,Retail
2024-12-02,Raisins,North,50,277.41,Sunil,Offline,Wholesale
2024-12-02,Raisins,East,23,323.65,Sunil,Online,Retail
2024-12-03,Walnuts,South,21,360.87,Ali,Online,Wholesale
2024-12-04,Pistachios,South,14,209.3,Sunil,Online,Wholesale
2024-12-05,Walnuts,South,4,60.58,Meena,Online,Wholesale
2024-12-05,Walnuts,West,27,537.09,Sunil,Offline,Wholesale
2024-12-05,Pistachios,West,46,295.11,Ali,Offline,Wholesale
2024-12-05,Raisins,South,36,243.88,Anita,Online,Wholesale
2024-12-06,Cashews,East,47,362.25,Raj,Offline,Wholesale
2024-12-06,Almonds,West,2,17.27,Raj,Online,Retail
2024-12-06,Pistachios,South,35,175.69,Sunil,Online,Retail
2024-12-06,Raisins,North,26,289.27,Raj,Online,Retail
2024-12-07,Walnuts,East,8,61.67,Raj,Offline,Wholesale
2024-12-08,Walnuts,North,21,246.39,Raj,Offline,Wholesale
2024-12-08,Cashews,North,17,288.48,Meena,Online,Wholesale
2024-12-08,Cashews,South,1,13.96,Raj,Offline,Retail
2024-12-09,Cashews,South,21,214.36,Raj,Offline,Wholesale
2024-12-10,Almonds,West,2,11.78,Meena,Offline,Wholesale
2024-12-10,Cashews,East,16,164.63,Anita,Offline,Retail
2024-12-10,Pistachios,East,6,110.1,Anita,Online,Retail
2024-12-10,Raisins,South,30,195.75,Raj,Online,Retail
2024-12-11,Walnuts,South,44,690.72,Meena,Online,Wholesale
2024-12-11,Cashews,East,1,11.6,Anita,Online,Wholesale
2024-12-12,Cashews,West,42,460.59,Ali,Online,Wholesale
2024-12-12,Raisins,East,40,665.08,Anita,Online,Wholesale
2024-12-12,Raisins,North,32,251.97,Raj,Online,Wholesale
2024-12-12,Cashews,West,33,383.37,Sunil,Offline,Wholesale
2024-12-13,Walnuts,North,7,54.15,Ali,Online,Retail
2024-12-13,Pistachios,South,17,175.3,Anita,Online,Wholesale
2024-12-13,Walnuts,West,25,389.68,Ali,Online,Retail
2024-12-13,Almonds,North,41,302.3,Meena,Online,Retail
2024-12-14,Pistachios,West,20,330.13,Meena,Online,Wholesale
2024-12-14,Cashews,West,24,272.92,Meena,Online,Retail
2024-12-14,Almonds,East,27,168.8,Anita,Online,Retail
2024-12-15,Almonds,East,44,702.95,Ali,Online,Wholesale
2024-12-15,Pistachios,South,23,401.77,Sunil,Offline,Retail
2024-12-15,Pistachios,West,27,288.42,Sunil,Offline,Wholesale
2024-12-15,Pistachios,North,6,31.55,Meena,Offline,Retail
2024-12-16,Pistachios,West,29,344.67,Anita,Offline,Retail
2024-12-16,Almonds,North,43,393.27,Meena,Online,Wholesale
2024-12-16,Raisins,North,8,108.03,Meena,Offline,Retail
2024-12-16,Walnuts,East,39,718.21,Raj,Online,Retail
2024-12-17,Cashews,East,39,296.41,Ali,Online,Wholesale
2024-12-17,Almonds,West,17,267.89,Ali,Online,Wholesale
2024-12-17,Almonds,West,9,82.44,Sunil,Online,Wholesale
2024-12-17,Cashews,West,26,257.85,Sunil,Online,Retail
2024-12-18,Raisins,South,11,82.58,Anita,Offline,Wholesale
2024-12-18,Cashews,East,27,429.25,Anita,Offline,Wholesale
2024-12-19,Walnuts,South,3,47.55,Ali,Offline,Wholesale
2024-12-19,Raisins,West,49,934.66,Sunil,Online,Retail
2024-12-19,Cashews,South,1,16.49,Raj,Offline,Wholesale
2024-12-20,Raisins,South,44,852.31,Raj,Offline,Retail
2024-12-20,Almonds,North,3,45.04,Meena,Offline,Wholesale
2024-12-20,Cashews,South,45,461.41,Anita,Online,Retail
2024-12-21,Walnuts,North,39,447.88,Sunil,Offline,Wholesale
2024-12-21,Raisins,West,14,259.2,Raj,Offline,Retail
2024-12-21,Pistachios,South,31,586.88,Meena,Offline,Retail
2024-12-22,Walnuts,South,23,196.05,Raj,Offline,Wholesale
2024-12-22,Cashews,East,22,380.64,Sunil,Online,Wholesale
2024-12-22,Pistachios,South,36,413.1,Sunil,Offline,Retail
2024-12-23,Walnuts,North,38,380.03,Meena,Online,Wholesale
2024-12-23,Almonds,South,20,161.03,Anita,Offline,Wholesale
2024-12-24,Pistachios,South,9,133.24,Meena,Online,Retail
2024-12-25,Pistachios,East,36,317.58,Ali,Online,Retail
2024-12-25,Walnuts,North,48,885.06,Anita,Offline,Retail
2024-12-25,Walnuts,North,6,102.74,Ali,Offline,Wholesale
2024-12-25,Cashews,West,6,57.48,Anita,Online,Wholesale
2024-12-26,Pistachios,North,7,50.38,Sunil,Online,Retail
2024-12-26,Pistachios,East,29,381.98,Raj,Online,Wholesale
2024-12-26,Almonds,North,34,267.1,Meena,Offline,Wholesale
2024-12-26,Cashews,South,15,130.57,Raj,Offline,Retail
2024-12-27,Almonds,West,33,518.35,Sunil,Online,Wholesale
2024-12-28,Cashews,East,24,334.83,Ali,Offline,Wholesale
2024-12-28,Almonds,East,29,315.23,Ali,Online,Wholesale
2024-12-28,Pistachios,South,29,411.77,Anita,Offline,Retail
2024-12-29,Cashews,East,9,61.56,Meena,Online,Retail
2024-12-29,Almonds,East,1,11.9,Meena,Online,Wholesale
2024-12-30,Raisins,East,50,708,Ali,Online,Wholesale
2024-12-30,Pistachios,West,1,19.75,Ali,Offline,Wholesale
2024-12-30,Cashews,South,37,465.32,Ali,Online,Retail
2024-12-30,Walnuts,East,37,730.96,Ali,Offline,Retail
2024-12-31,Almonds,East,5,82.38,Meena,Offline,Wholesale
2024-12-31,Walnuts,North,14,80.57,Anita,Offline,Wholesale
2024-12-31,Walnuts,South,30,173.73,Raj,Online,Wholesale
2024-12-31,Cashews,West,11,82.11,Sunil,Offline,Retail
